id,category,priority,status,status_reason,platform,product_found,codename,submitted_date,title,hsd_link
14027938017,Confirmed Silicon,p3-medium,open,open.awaiting_debug,Oak Stream DMR Platforms,Johnson City AP,DMR,05/28/2026,"[ATSCALE-CLUSTER][DMR UCC][cs16ca101js0710][Hard Hang post NGA][RPP] Node hang MCERR CPU0 + Uncorrected MC Bank:10 RASIP while running AtScale_Sandstone_Sandstone_Release",https://hsdes.intel.com/appstore/article/#/14027938017
15019383400,Confirmed Silicon,p3-medium,open,open.transferred,Oak Stream DMR Platforms,Johnson City AP,DMR,05/12/2026,"[AtScale-Cluster][DMR][AP][ES1][RPP] L1 Instruction-Fetch MCE errors during sandstone branch_tree_icache_focused seed in PAIV-Mixer_random_workload",https://hsdes.intel.com/appstore/article/#/15019383400
15019382716,Confirmed Silicon,p3-medium,open,open.transferred,Oak Stream DMR Platforms,Johnson City AP,DMR,05/12/2026,"[AtScale-Cluster][DMR][AP][ES1][RPP][cs16ca101hs0405] L1 Instruction-Fetch MCE errors during sandstone branch_tree_icache_focused seed",https://hsdes.intel.com/appstore/article/#/15019382716
15019358385,Confirmed Silicon,p3-medium,open,open.transferred,Oak Stream DMR Platforms,Johnson City AP,DMR,05/05/2026,"[AtScale-Cluster][DMR][AP][ES1][RPP] L1 Instruction-Fetch MCE errors during sandstone branch_tree_icache_focused on jf53nor09bs0301",https://hsdes.intel.com/appstore/article/#/15019358385
15019357856,Confirmed Silicon,p3-medium,open,open.transferred,Oak Stream DMR Platforms,Johnson City AP,DMR,05/04/2026,"[AtScale-Cluster][DMR][AP][ES1][RPP] L1 Instruction-Fetch MCE errors during sandstone branch_tree_icache_focused on jf11x1703bs1107",https://hsdes.intel.com/appstore/article/#/15019357856
15019342741,Confirmed Silicon,p3-medium,open,open.transferred,Oak Stream DMR Platforms,Johnson City AP,DMR,04/28/2026,"[AtScale-Cluster][DMR][AP][ES1][RPP] L1 Instruction-Fetch MCE errors during sandstone branch_tree_icache_focused on jf11x1703as0110",https://hsdes.intel.com/appstore/article/#/15019342741
16030286183,Confirmed Silicon,p3-medium,open,open.transferred,Oak Stream DMR Platforms,Johnson City AP,DMR,04/10/2026,"[AtScale-Cluster][DMR][AP][1S][HW Burnin][RPP] Uncorrected MC Bank:04 PUNIT_CBB MCA_CORE_FIVR_ERR during Warm_Reset_via_redfish + Sandstone",https://hsdes.intel.com/appstore/article/#/16030286183
16030256937,Confirmed Silicon,p3-medium,open,open.transferred,Oak Stream DMR Platforms,Johnson City AP,DMR,04/07/2026,"[AtScale-Cluster][DMR][AP][1S][HW Burn in][RPP] System Hang IFU Internal Parity Error PRF parity + PUNIT_IMH Shutdown Suppression during AtScale_Sandstone_sandstone_combo",https://hsdes.intel.com/appstore/article/#/16030256937
16030227731,Confirmed Silicon,p3-medium,open,open.transferred,Oak Stream DMR Platforms,Johnson City AP,DMR,04/02/2026,"[AtScale-Cluster][DMR][AP][1S][VV][RPP] Node Hang PUNIT_CBB MCA_CORE_FIVR_ERR + RASIP + MLC THREE_STRIKE + CCF TOR_TIMEOUT during COLD_RESET_REDFISH_SANDSTONE",https://hsdes.intel.com/appstore/article/#/16030227731
22022227165,Confirmed Silicon,p1-showstopper,complete,complete.workaround,Oak Stream DMR Platforms,Johnson City AP,DMR,03/23/2026,"[AtScale-Cluster][DMR][AP][ES1][SFT][X4] Frequent L1 Instruction-Fetch MCE errors during sandstone branch_tree_icache_focused seed in PAIV-Mixer_random_workload",https://hsdes.intel.com/appstore/article/#/22022227165
14026464067,Confirmed Silicon,p2-high,complete,complete.product_changed,Oak Stream DMR Platforms,Johnson City AP,DMR,11/18/2025,"[DMR][BugNinja] System hang with 3Strike while running hammer-unified and C6 (MonitorMWait=0x1)",https://hsdes.intel.com/appstore/article/#/14026464067
14026093607,Confirmed Silicon,p2-high,complete,complete.product_changed,Oak Stream DMR Platforms,Johnson City AP,DMR,10/20/2025,"[DMR][BugNinja] dsa_fill sandstone subtest is detecting incorrect data pattern (relaxed ordering = 1)",https://hsdes.intel.com/appstore/article/#/14026093607
15017489279,Confirmed Silicon,p3-medium,complete,complete,Birch Stream Platform,Avenue City,CWF,02/27/2025,"[CWF][Sample Factory Test Enabling][DM] CPU soft lockup occurred in the middle of sandstone workload test",https://hsdes.intel.com/appstore/article/#/15017489279
14023561125,Confirmed Silicon,p4-low,complete,complete.workaround,Birch Stream Platform,Beechnut City,GNR,09/27/2024,"[Cluster][FLEX GNR_SP B3][RPP] Machine Check Bank 3 Core 88 running sandstone v200",https://hsdes.intel.com/appstore/article/#/14023561125
14023559647,Confirmed Silicon,p4-low,complete,complete.workaround,Birch Stream Platform,Avenue City,GNR,09/26/2024,"[Cluster][FLEX GNR_AP B3][RPP] McBankErrorHandler Skt 0x0 McBank 0x0 State 0x1 class CORRECTED during sandstone",https://hsdes.intel.com/appstore/article/#/14023559647
14023476920,Confirmed Silicon,p4-low,complete,complete.workaround,Birch Stream Platform,Avenue City,GNR,09/17/2024,"[Cluster][FLEX GNR_AP B3][RPP] UPI 0x25 L0p Exit Error, MCE McBank 0x5 class CORRECTED (UPI recipe v20) during burnin sandstone-rf-cold",https://hsdes.intel.com/appstore/article/#/14023476920
14023442304,Confirmed Silicon,p3-medium,complete,complete.product_changed,Birch Stream Platform,Avenue City,GNR,09/12/2024,"[Cluster][FLEX GNR AP A2][MASTER][OSPL] (0x620 -> 0x630/0x640) hang with Bank4 during cold/warm reset - Flavor 3",https://hsdes.intel.com/appstore/article/#/14023442304
14023385440,Confirmed Silicon,p4-low,complete,complete.workaround,Birch Stream Platform,Beechnut City,GNR,09/06/2024,"[Cluster][FLEX GNR_SP B3][RPP] MCE McBank 0x3 class UCNA MSCOD 0020 during sandstone-rf-warm",https://hsdes.intel.com/appstore/article/#/14023385440
16025306225,Confirmed Silicon,p3-medium,complete,complete.product_changed,Kaseyville,GNR-D_RP_EXTERNAL,GNR,08/27/2024,"[KVL GNRD RP][Cluster] System staying in off state with 0.3 post code while running reset with stress",https://hsdes.intel.com/appstore/article/#/16025306225
14023210559,Confirmed Silicon,p4-low,complete,complete.workaround,Birch Stream Platform,Beechnut City,GNR,08/17/2024,"[Cluster][FLEX GNR_SP B3][RPP] S0 C18 McBank 0x3 class CORRECTED during sandstone-rf-cold stress",https://hsdes.intel.com/appstore/article/#/14023210559
14023204770,Confirmed Silicon,p4-low,complete,complete.workaround,Birch Stream Platform,Avenue City,GNR,08/16/2024,"[Cluster][FLEX GNR_AP B3][RPP] S1 C31 McBank 0x3 MLC C6_RESTORE_ERR entering OS after warm reset/sandstone",https://hsdes.intel.com/appstore/article/#/14023204770
14023199867,Confirmed Silicon,p4-low,complete,complete.workaround,Birch Stream Platform,Avenue City,GNR,08/16/2024,"[Cluster][FLEX GNR_AP B3][RPP] Machine Check Bank 0 IFU DSB_DATA_PARITY running sandstone",https://hsdes.intel.com/appstore/article/#/14023199867
14022647725,Confirmed Silicon,p4-low,complete,complete.workaround,Birch Stream Platform,Beechnut City,GNR,06/20/2024,"[Cluster][FLEX GNR_SP B0][RPP] Kernel Panic IFU ifu_cr_mc0_status = 0xb200000000030005 during sandstone-rf-cold",https://hsdes.intel.com/appstore/article/#/14022647725
14022622041,Confirmed Silicon,p4-low,complete,complete.workaround,Birch Stream Platform,Avenue City,GNR,06/16/2024,"[Cluster][FLEX GNR_AP B0][RPP] IFU ERROR ifu_cr_mc0_status = 0xb200004000000005 during sandstone-rf-warm / TSL",https://hsdes.intel.com/appstore/article/#/14022622041
14022609688,Confirmed Silicon,p4-low,complete,complete.workaround,Birch Stream Platform,Avenue City,GNR,06/14/2024,"[Cluster][FLEX GNR_AP B0][RPP] S0 C121 T1 DSB_DATA_PARITY during sandstone-rf-warm",https://hsdes.intel.com/appstore/article/#/14022609688
15016230868,Confirmed Silicon,p3-medium,complete,complete.product_changed,Birch Stream Platform,Beechnut City,SRF,06/10/2024,"[Cluster][FLEX SRF C0][2S][RPP][Master] Node hang MCA from BUS ERROR (mcacod:0x4 FRC Error) during sandstone-rf-warm",https://hsdes.intel.com/appstore/article/#/15016230868
14022568396,Confirmed Silicon,p4-low,complete,complete.workaround,Birch Stream Platform,Avenue City,GNR,06/10/2024,"[Cluster][FLEX GNR_AP B0][RPP] S0 C23 McBank 0x3 class CORRECTED during sandstone-rf-cold stress",https://hsdes.intel.com/appstore/article/#/14022568396
14022557380,Confirmed Silicon,p4-low,complete,complete.workaround,Birch Stream Platform,Avenue City,GNR,06/07/2024,"[Cluster][FLEX GNR_AP B0][RPP] Machine Check Bank 1 DCU - 3X during sandstone-rf-cold",https://hsdes.intel.com/appstore/article/#/14022557380
16024409170,Confirmed Silicon,p2-high,complete,complete.product_changed,Kaseyville,GNR-D_RP_EXTERNAL,GNR,06/06/2024,"[KVL GNRD RP][Cluster] System reporting MCA error and not reachable while running sandstone - SBO_BL_DATA_PAR_ERR - IO/Compute",https://hsdes.intel.com/appstore/article/#/16024409170
14022478434,Confirmed Silicon,p4-low,complete,complete.workaround,Birch Stream Platform,Avenue City,GNR,05/29/2024,"[Cluster][FLEX GNR_AP B0][RPP] Mc_Bank 9 and McBank 0x1 status 0xBD80000000100134 in IDLE and Sandstone tests",https://hsdes.intel.com/appstore/article/#/14022478434
15016126803,Confirmed Silicon,p2-high,complete,complete.product_changed,Birch Stream Platform,Customer.Dell.HS7720.SRF.SP,SRF,05/24/2024,"[BHS SRF-SP][QS][CoVal][DELL][HS7][HSIO] Observe MCERR in GPU pytorch + Xprod_Home_Grown_XORCYST concurrency workload",https://hsdes.intel.com/appstore/article/#/15016126803
14022326098,Confirmed Silicon,p4-low,complete,complete.product_changed,Birch Stream Platform,Avenue City,GNR,05/13/2024,"[Pre-Cluster][BHS][GNR][B0][RPP] MCA BANK 0x4 (Ubox) ba00000000000e0b",https://hsdes.intel.com/appstore/article/#/14022326098
14022317165,Confirmed Silicon,p4-low,complete,complete.workaround,Birch Stream Platform,Beechnut City,GNR,05/13/2024,"[Cluster][FLEX GNR_SP B0][RPP] S1 C64 McBank 0x0 class CORRECTED sandstone-rf-warm (sandstone stress)",https://hsdes.intel.com/appstore/article/#/14022317165
14022203993,Confirmed Silicon,p4-low,complete,complete.workaround,Birch Stream Platform,Avenue City,GNR,05/02/2024,"[Cluster][FLEX GNR_AP A2][RPP] Machine Check Bank 0 IFU 0xB200000000030005 during TSL / Sandstone Cold",https://hsdes.intel.com/appstore/article/#/14022203993
14022203455,Confirmed Silicon,p4-low,complete,complete.product_changed,Birch Stream Platform,Avenue City,GNR,05/02/2024,"[Cluster][FLEX GNR_AP B0][RPP] IFU ERROR ifu_cr_mc0_status = 0xb200000000160005 during SandstoneCold/TSL",https://hsdes.intel.com/appstore/article/#/14022203455
14022166040,Confirmed Silicon,p4-low,complete,complete.workaround,Birch Stream Platform,Avenue City,GNR,04/25/2024,"[Cluster][FLEX GNR AP B1][X3][SFT][RPP] Machine Check Bank 3 MLC Corrected Error Core 77 during Sandstone",https://hsdes.intel.com/appstore/article/#/14022166040
14022136699,Confirmed Silicon,p4-low,open,open.transferred,Birch Stream Platform,Avenue City,SRF,04/24/2024,"[Cluster][FLEX SRF_AP C0][RPP] Machine Check Bank 1 MLC class CORRECTED during sandstonecold",https://hsdes.intel.com/appstore/article/#/14022136699
22019909952,Confirmed Silicon,p4-low,complete,complete.workaround,Birch Stream Platform,Avenue City,GNR,04/17/2024,"[Cluster][FLEX GNR_AP A2][RPP] Machine Check Bank 9 Last Level Cache Corrected Error during Mixer/Sandstone",https://hsdes.intel.com/appstore/article/#/22019909952
22019909855,Confirmed Silicon,p4-low,complete,complete.workaround,Birch Stream Platform,Avenue City,GNR,04/17/2024,"[Cluster][FLEX GNR_AP A2][RPP] Machine Check Bank 9 Last Level Cache Corrected Error during Sandstone/IDLE",https://hsdes.intel.com/appstore/article/#/22019909855
22019909775,Confirmed Silicon,p4-low,complete,complete.workaround,Birch Stream Platform,Avenue City,GNR,04/17/2024,"[Cluster][FLEX GNR_AP A2][RPP] Machine Check Bank 9 Last Level Cache Corrected Error during Sandstone Cold",https://hsdes.intel.com/appstore/article/#/22019909775
15015875818,Confirmed Silicon,p4-low,complete,complete.product_changed,Birch Stream Platform,Beechnut City,SRF,04/16/2024,"[Cluster][FLEX SRF SP C0][RPP] Node hang MCA from BUS (mcacod:0x4 FRC Error) during sandstone-rf-warm-kthzs",https://hsdes.intel.com/appstore/article/#/15015875818
22019882449,Confirmed Silicon,p4-low,open,open.transferred,Birch Stream Platform,Avenue City,SRF,04/14/2024,"[Cluster][FLEX SRF_AP C0][RPP] LockStep mismatch Error Bank#0 FRC Error 0xb200000004010004 during sandstone-rf-cold",https://hsdes.intel.com/appstore/article/#/22019882449
14022090207,Confirmed Silicon,p3-medium,complete,complete.product_changed,Birch Stream Platform,Avenue City,GNR,04/12/2024,"[Cluster][FLEX GNR AP A2][MASTER][OSPL] (0x620 -> 0x630/0x640) hang with Bank4 during cold/warm reset - Flavor 1&2",https://hsdes.intel.com/appstore/article/#/14022090207
14022065692,Confirmed Silicon,p4-low,complete,complete.product_changed,Birch Stream Platform,Avenue City,SRF,04/10/2024,"[Cluster][FLEX SRF-AP C00][RPP] Machine Check Bank 0 FRC error Skt1 MC status 0xB200000004100004 class FATAL during sandstone-rf-cold",https://hsdes.intel.com/appstore/article/#/14022065692
14022041133,Confirmed Silicon,p4-low,complete,complete.product_changed,Birch Stream Platform,Avenue City,SRF,03/29/2024,"[Cluster][FLEX SRF_AP C0][SFT][RPP] FRC error McBank 0x0 MC status 0xB200000004100004 class FATAL socket 0 during sandstone-rf-cold",https://hsdes.intel.com/appstore/article/#/14022041133
14021910077,Confirmed Silicon,p4-low,complete,complete.workaround,Birch Stream Platform,Avenue City,GNR,03/11/2024,"[Cluster][FLEX GNR_AP A2][RPP] Machine Check Bank 9 Last Level Cache Corrected Error during Sandstone",https://hsdes.intel.com/appstore/article/#/14021910077
14021816693,Confirmed Silicon,p4-low,complete,complete.workaround,Birch Stream Platform,Avenue City,GNR,03/01/2024,"[Cluster][FLEX GNR AP A2][X3][ES2][RPP] Bank 0 ifu_cr_mc0_status = 0xb200000000060005 during sandstone-rf-cold - TSL",https://hsdes.intel.com/appstore/article/#/14021816693
14021803069,Confirmed Silicon,p4-low,complete,complete.workaround,Birch Stream Platform,Avenue City,GNR,02/29/2024,"[Cluster][FLEX GNR_AP A2][RPP] Machine Check Bank 9 Last Level Cache Corrected Error during Sandstone",https://hsdes.intel.com/appstore/article/#/14021803069
14021749724,Confirmed Silicon,p4-low,complete,complete.workaround,Birch Stream Platform,Beechnut City,SRF,02/26/2024,"[Cluster][FLEX SRF_SP C0][RPP] Bank 0x1 correctable error seen during sandstone-rf-cold, QDF-Q4WS",https://hsdes.intel.com/appstore/article/#/14021749724
14021733809,Confirmed Silicon,p4-low,complete,complete.workaround,Birch Stream Platform,Avenue City,GNR,02/23/2024,"[Cluster][FLEX GNR_AP A2][RPP] Machine Check Bank 9 Last Level Cache Corrected Error during Sandstone",https://hsdes.intel.com/appstore/article/#/14021733809
14021716302,Confirmed Silicon,p4-low,complete,complete.workaround,Birch Stream Platform,Avenue City,GNR,02/22/2024,"[Cluster][FLEX GNR_AP A2][RPP] Loop McBank 0x9 class CORRECTED, Offlining CPU 0 due to cache error threshold during sandstone-rf-cold",https://hsdes.intel.com/appstore/article/#/14021716302
14021713768,Confirmed Silicon,p4-low,complete,complete.workaround,Birch Stream Platform,Beechnut City,GNR,02/22/2024,"[Cluster][FLEX GNR_SP A2][RPP] S0 C89 McBank 0x0 class CORRECTED during sandstone-rf-cold",https://hsdes.intel.com/appstore/article/#/14021713768
14021676196,Confirmed Silicon,p4-low,complete,complete.workaround,Birch Stream Platform,Beechnut City,GNR,02/16/2024,"[Cluster][FLEX GNR_SP A2][RPP] Machine Check Bank 9 Last Level Cache Corrected Error during Sandstone",https://hsdes.intel.com/appstore/article/#/14021676196
22019405820,Confirmed Silicon,p1-showstopper,complete,complete.workaround,Birch Stream Platform,Avenue City,GNR,01/25/2024,"[GNR AP B0 PO][Stability] Acode MCA_HAL_IOSF_BRIDGE_RUN_BUSY_TIMEOUT_E and Punit MCA_DISP_RUN_BUSY_TIMEOUT (GPSB hardhang) during G3 cycling or sandstone",https://hsdes.intel.com/appstore/article/#/22019405820
14021318062,Confirmed Silicon,p4-low,complete,complete.workaround,Birch Stream Platform,Beechnut City,GNR,01/08/2024,"[Cluster][FLEX GNR_SP A2][RPP] S0 C2 T0 McBank 0x0 class CORRECTED during multiple Burnin tests - Sandstone",https://hsdes.intel.com/appstore/article/#/14021318062
14021313669,Confirmed Silicon,p2-high,complete,complete.product_changed,Birch Stream Platform,Avenue City,GNR,01/07/2024,"[Cluster][FLEX GNR_AP A2][Master] PUNIT WATCHDOG error_domain Q-channel after a warm reset during sandstone-rf-warm",https://hsdes.intel.com/appstore/article/#/14021313669
14021017169,Confirmed Silicon,p4-low,complete,complete.product_changed,Birch Stream Platform,Avenue City,GNR,11/27/2023,"[Cluster][FLEX GNR AP A2][X3][ES2][MASTER][ACode] Acode fatal ERROR_IOSF_BRIDGE_RUN_BUSY_TIMEOUT_E 0xa20000000000040e during several tests",https://hsdes.intel.com/appstore/article/#/14021017169
16022337351,Confirmed Silicon,p2-high,complete,complete.product_changed,Birch Stream Platform,Beechnut City,SRF,10/25/2023,"[Cluster][FLEX SRF A0/B0/C0][Master] Node hang MCA from BUS ERROR (mcacod:0x4 FRC Error) during sandstone-chaos (lockstep)",https://hsdes.intel.com/appstore/article/#/16022337351
22018873809,Confirmed Silicon,p4-low,complete,complete.workaround,Birch Stream Platform,Beechnut City,GNR,09/21/2023,"[Cluster][FLEX GNR-SP_X2-ES1][RPP] Machine Check Bank 1 0xbf80000001000174 Socket 0 Core 102 during sandstone",https://hsdes.intel.com/appstore/article/#/22018873809
15014273364,Confirmed Silicon,p2-high,complete,complete.product_changed,Birch Stream Platform,Beechnut City,SRF,09/14/2023,"[Cluster][FLEX SRF SP A0/B0][2S][Master] Node hang MCA from PUNIT ERROR (mcacod:0x402 Pcode Error)(mscod:0x1f00 MCA_TELE_INIT_FAIL)",https://hsdes.intel.com/appstore/article/#/15014273364
14020056414,Confirmed Silicon,p2-high,complete,complete.product_changed,Birch Stream Platform,Avenue City,GNR,08/09/2023,"[Cluster][FLEX GNR-AP_X1_X3][Master] Memory Errors RETRY_RD_ERR_LOG_MCDDC_DP_REG class SRAR/DCU during sandstone-rf-warm",https://hsdes.intel.com/appstore/article/#/14020056414
14020049913,Confirmed Silicon,p4-low,complete,complete.workaround,Birch Stream Platform,Avenue City,GNR,08/08/2023,"[Cluster][FLEX GNR AP A2][ES1 X3][RPP] Core_3_DCU Machine Check Exception Bank 1 bf80000001000174 during sandstone-chaos",https://hsdes.intel.com/appstore/article/#/14020049913
14020047034,Confirmed Silicon,p4-low,complete,complete.workaround,Birch Stream Platform,Avenue City,GNR,08/08/2023,"[Cluster][FLEX GNR-AP_X3-ES1][RPP] Bank 0x3 class CORRECTED during TSL",https://hsdes.intel.com/appstore/article/#/14020047034
16021442025,Confirmed Silicon,p4-low,complete,complete.workaround,Birch Stream Platform,Avenue City,GNR,07/27/2023,"[Cluster][FLEX GNR AP A2 X3][RPP] System failed with Bank 1 bf80000001000114 with Sandstonev150 amx tests",https://hsdes.intel.com/appstore/article/#/16021442025
14019907854,Confirmed Silicon,p4-low,complete,complete.workaround,Birch Stream Platform,Avenue City,GNR,07/21/2023,"[Cluster][FLEX GNR-AP_X3-ES1][RPP] Machine Check Exception Bank 1 0xBF80000001000174 During Sandstone Chaos",https://hsdes.intel.com/appstore/article/#/14019907854
14019781388,Confirmed Silicon,p4-low,complete,complete.workaround,Birch Stream Platform,Avenue City,GNR,07/05/2023,"[Cluster][FLEX GNR-AP_X3-ES1 SFT][RPP] McBank 0x1 Fatal 0xBF80000001000174 during sandstone-combo-mode-v0.141",https://hsdes.intel.com/appstore/article/#/14019781388
14019781095,Confirmed Silicon,p4-low,complete,complete.workaround,Birch Stream Platform,Avenue City,GNR,07/04/2023,"[Cluster][FLEX GNR-AP_X3-A2][RPP] McBank 0x9 class CORRECTED during gnr-tsl and Sandstone",https://hsdes.intel.com/appstore/article/#/14019781095
14019778377,Confirmed Silicon,p4-low,complete,complete.workaround,Birch Stream Platform,Beechnut City,GNR,07/04/2023,"[Cluster][FLEX GNR_SP A2][RPP] Machine Check Bank 1 DCU error 0xbd80000000100134 during sandstone",https://hsdes.intel.com/appstore/article/#/14019778377
16021155128,Confirmed Silicon,p3-medium,complete,complete.product_changed,Birch Stream Platform,Avenue City,GNR,06/30/2023,"[GNR A1 VV2][X3][HSIO][PCIe][Xprod] Xprod stress tests failing with SUT soft lockup (IFU parity error on specific part)",https://hsdes.intel.com/appstore/article/#/16021155128
14019696451,Confirmed Silicon,p4-low,complete,complete.workaround,Birch Stream Platform,Beechnut City,GNR,06/22/2023,"[Cluster][FLEX GNR_SP A2][RPP] McBank 0x1 class FATAL and class CORRECTED during Sandstone (Sandstone-Combo)",https://hsdes.intel.com/appstore/article/#/14019696451
14019324090,Confirmed Silicon,p2-high,complete,complete.product_changed,Birch Stream Platform,Beechnut City,SRF,05/10/2023,"[SRF A0][RAS][VIS-1] Page fault observed & CPUs MCE rendezvouz timeout while exercising MCA Recovery flow",https://hsdes.intel.com/appstore/article/#/14019324090
14019309763,Confirmed Silicon,p4-low,complete,complete.product_changed,Eagle Stream EMR SP,Archer City,EMR,05/08/2023,"[Cluster][FLEX EMR A0][RPP][Mca] McBankErrorHandler Skt 0x1 McBank 0xA class CORRECTED during burnin sandstone rf warm",https://hsdes.intel.com/appstore/article/#/14019309763
14019168990,Confirmed Silicon,p2-high,complete,complete.product_changed,Birch Stream Platform,Avenue City,GNR,04/18/2023,"[Cluster][GNR AP-SP A1-A2][2S/4S][MASTER] Core 3strike error while running sandstone 140 reg_conflicts_fp16_div_nans",https://hsdes.intel.com/appstore/article/#/14019168990
14019137156,Confirmed Silicon,p2-high,complete,complete.product_changed,Birch Stream Platform,Beechnut City,SRF,04/14/2023,"[SRF A0 PO][RAS][VIS-1] Exercising Sandstone with poison error injection resulting in ROB timeout on few CMT modules",https://hsdes.intel.com/appstore/article/#/14019137156
14018729146,Confirmed Silicon,p2-high,complete,complete.product_changed,Birch Stream Platform,Avenue City,GNR,02/21/2023,"[Cluster][GNR A1 PO][X1] IOSF error BUS 0x8a DEV 0x0 FUNC 0x2",https://hsdes.intel.com/appstore/article/#/14018729146
14018614514,Confirmed Silicon,p1-showstopper,complete,complete.product_changed,Birch Stream Platform,Avenue City,GNR,02/06/2023,"[Cluster][GNR A1 PO][X1] ml2_cr_mc3_status = 0xb20000000000040e Error type 6 failed in OS IDLE / Running Sandstone",https://hsdes.intel.com/appstore/article/#/14018614514
14017887131,Confirmed Silicon,p2-high,complete,complete.product_changed,Eagle Stream EMR SP,Archer City,EMR,11/02/2022,"[Cluster][GDC EMR-A0] Core 3-strike while running Sandstone-ifs",https://hsdes.intel.com/appstore/article/#/14017887131
22015416586,Confirmed Silicon,p4-low,complete,complete.product_changed,Eagle Stream SPR SP,Archer City,SPR,06/27/2022,"[Cluster][GDC SPR E3][RPP] UC LL Detected Control Error from M3UPI Socket 1 MCE 5 during povray/burnin-cold/warm",https://hsdes.intel.com/appstore/article/#/22015416586
14016590406,Confirmed Silicon,p4-low,complete,complete,Eagle Stream SPR SP,Archer City,SPR,04/26/2022,"[Cluster][FLEX SPR-HBM A1][Multiple nodes] Dbl_iErr + 3Strike + UC Phy Detected Drift Buffer Alarm while running TSL/Sandstone",https://hsdes.intel.com/appstore/article/#/14016590406
14016417265,Confirmed Silicon,p1-showstopper,complete,complete.product_changed,Eagle Stream SPR SP,Archer City,SPR,04/04/2022,"[Cluster][SPR E3][Wave2] TME_CMI_UFL_ERR while running Sandstone-Warm/IMunch",https://hsdes.intel.com/appstore/article/#/14016417265
14016376372,Confirmed Silicon,p4-low,complete,complete.product_changed,Eagle Stream SPR SP,Archer City,SPR,03/29/2022,"[EGS SPR-E0][Cluster][RPP] UPI CRC Errors UPI LL Rx detected CRC error successful LLR without Phy Reinit during sandstone stress",https://hsdes.intel.com/appstore/article/#/14016376372
14015961568,Confirmed Silicon,p4-low,complete,complete.product_changed,Eagle Stream SPR SP,Archer City,SPR,01/31/2022,"[Cluster][GDC SPR E0][RPP][Mca] IFU PRF parity error socket0.cpu.core13 during sandstone",https://hsdes.intel.com/appstore/article/#/14015961568
16015535552,Confirmed Silicon,p2-high,complete,complete.product_changed,Eagle Stream SPR SP,Archer City,SPR,01/10/2022,"EGS SPR-E0 [RP][HSIO] SUT crash and reset with UPI Phy Drift UC",https://hsdes.intel.com/appstore/article/#/16015535552
14015800984,Confirmed Silicon,p2-high,complete,complete.product_changed,Eagle Stream SPR SP,Archer City,SPR,01/05/2022,"[Cluster][GDC SPR D0-E0] UPI Bank5 Unmerged UPI UC LL Rx Parameter Exception Socket_1 during burnin/Cold_Reset",https://hsdes.intel.com/appstore/article/#/14015800984
14015797263,Confirmed Silicon,p4-low,complete,complete.product_changed,Eagle Stream SPR SP,Archer City,SPR,01/05/2022,"[Cluster][OPUS SPR E0][RPP] IFU DSB Data parity error Socket 0 Core 8",https://hsdes.intel.com/appstore/article/#/14015797263
14015703844,Confirmed Silicon,p2-high,complete,complete.product_changed,Eagle Stream SPR SP,Archer City,SPR,12/13/2021,"[Cluster][GDC SPR D0/E0] MCA_DISPATCHER_RUN_BUSY_TIMEOUT - Sandstone",https://hsdes.intel.com/appstore/article/#/14015703844
22014056631,Confirmed Silicon,p1-showstopper,complete,complete.product_changed,Eagle Stream SPR SP,Archer City,SPR,10/26/2021,"Mixer core 3-strike with sandstone tsx x bit_test, and DFV",https://hsdes.intel.com/appstore/article/#/22014056631
14015357362,Confirmed Silicon,p3-medium,complete,complete.product_changed,Eagle Stream SPR SP,Archer City,SPR,10/20/2021,"[Cluster][GDC SPR D0-E0] DISPATCHER_RUN_BUSY_TIMEOUT during sandstone release - cold reset 0x41",https://hsdes.intel.com/appstore/article/#/14015357362
14015266727,Confirmed Silicon,p3-medium,complete,complete.product_changed,Eagle Stream SPR SP,Archer City,SPR,10/07/2021,"[Cluster][OPUS SPR D0][Multiple Nodes] Watchdog Timer (3-strike timeout) during Sandstone-chaos in TSX test",https://hsdes.intel.com/appstore/article/#/14015266727
14015263050,Confirmed Silicon,p2-high,complete,complete.product_changed,Eagle Stream SPR SP,Archer City,SPR,10/07/2021,"[EGS SPR-D0][Cluster][RPP] DINO/HCA TOR TO while running Sandstone/Povray + Cold cycle",https://hsdes.intel.com/appstore/article/#/14015263050
14015196045,Confirmed Silicon,p1-showstopper,complete,complete.product_changed,Eagle Stream SPR SP,Archer City,SPR,09/28/2021,"[Cluster][GDC SPR D0] UBOX POISON error while running Sandstone within TDX Guest with WW35 MVP stack",https://hsdes.intel.com/appstore/article/#/14015196045
14015143476,Confirmed Silicon,p2-high,complete,complete.product_changed,Eagle Stream SPR SP,Archer City,SPR,09/21/2021,"[Cluster GDC][EGS SPR D0] MDF Parity Error seen during IDLE/ive-povray with ucode 0x2c0",https://hsdes.intel.com/appstore/article/#/14015143476
14015110021,Confirmed Silicon,p4-low,complete,complete.product_changed,Eagle Stream SPR SP,Archer City,SPR,09/15/2021,"[EGS SPR-D0][RPP] 3Strike error running Sandstone - r13s04/r01s10",https://hsdes.intel.com/appstore/article/#/14015110021
14015032086,Confirmed Silicon,p2-high,complete,complete.product_changed,Eagle Stream SPR SP,Archer City,SPR,09/02/2021,"[SPR][RAS][Cluster] AMX tileloadd x Poison tests cause CPU shutdowns",https://hsdes.intel.com/appstore/article/#/14015032086
14014839138,Confirmed Silicon,p3-medium,complete,complete.product_changed,Eagle Stream SPR SP,Archer City,SPR,08/03/2021,"[Cluster][EGS SPR SF][D0] MCA_DISPATCHER_RUN_BUSY_TIMEOUT Ack missing from single core in C0 Sandstone / Warm Reset",https://hsdes.intel.com/appstore/article/#/14014839138
14014613214,Confirmed Silicon,p2-high,complete,complete.product_changed,Eagle Stream SPR SP,Archer City,SPR,07/21/2021,"[Cluster][GDC SPR D0] MCA_LLC_BIST_ACTIVE_TIMEOUT cold-reset + memory margin/reset",https://hsdes.intel.com/appstore/article/#/14014613214
14014504547,Confirmed Silicon,p2-high,complete,complete.product_changed,Eagle Stream SPR SP,Archer City,SPR,07/06/2021,"[EGS][Cluster][SPR][C2] MCA_PMSB_TIMEOUT while running Sandstone",https://hsdes.intel.com/appstore/article/#/14014504547
14014278294,Confirmed Silicon,p1-showstopper,complete,complete.product_changed,Eagle Stream SPR SP,Archer City,SPR,06/07/2021,"[EGS SPR-D0][Cluster][RPP] CHA parity (AK_BL_UQID_PTY_ERROR) + UBOX STOP1A errors while running Sandstone chaos",https://hsdes.intel.com/appstore/article/#/14014278294
22013149777,Confirmed Silicon,p3-medium,complete,complete.product_changed,Eagle Stream SPR SP,Archer City,SPR,05/19/2021,"[QualityTF][SPR XCC C2] Core 3 strike, CHA TOR_TIMEOUT and s3m_unit_s3m_error when Stressapptest + Sandstone mixed with fast warm reset cycles",https://hsdes.intel.com/appstore/article/#/22013149777
14014090722,Confirmed Silicon,p2-high,complete,complete.product_changed,Eagle Stream SPR SP,Archer City,SPR,05/11/2021,"[Cluster][EGS SPR C2] PM MCA_IOSFSB_PMREQ_CMP_TIMEOUT + CHA TOR TO found during burnin-sandstone-rf-warm content",https://hsdes.intel.com/appstore/article/#/14014090722
22013017238,Confirmed Silicon,p2-high,complete,complete.workaround,Eagle Stream SPR SP,Archer City,SPR,04/28/2021,"[OPUS-GDC][EGS SPR C2][cluster][multiple systems] Signature TOR_TIMEOUT during burnin-sandstone-rf-cold content",https://hsdes.intel.com/appstore/article/#/22013017238
22012774304,Confirmed Silicon,p2-high,complete,complete.product_changed,Eagle Stream SPR SP,Archer City,SPR,03/31/2021,"[Cluster][EGS SPR C1] Signature CORE_WB_MISS_LLC during sandstone-release-tgrb4 content",https://hsdes.intel.com/appstore/article/#/22012774304
22012724143,Confirmed Silicon,p2-high,complete,complete.product_changed,Eagle Stream SPR SP,Archer City,SPR,03/25/2021,"[Cluster][EGS SPR B0][C2] MCA_PKGS_UNIT_TYPE_SCFUBOX_TIMEOUT running ive-stressng-memory - sandstone memcpy",https://hsdes.intel.com/appstore/article/#/22012724143
14013789944,Confirmed Silicon,p2-high,complete,complete.product_changed,Eagle Stream SPR SP,Archer City,SPR,02/26/2021,"[EGS][SPR B0,D0][Cluster][Lemongrass] Core 3-strike running sandstone-chaos",https://hsdes.intel.com/appstore/article/#/14013789944
14013775827,Confirmed Silicon,p2-high,complete,complete.workaround,Eagle Stream SPR SP,Archer City,SPR,02/25/2021,"[Cluster][EGS SPR B0] spurious DTLB parity machine check",https://hsdes.intel.com/appstore/article/#/14013775827
22012280099,Confirmed Silicon,p2-high,complete,complete.product_changed,Whitley Platforms,Fast Track Smc,ICX,02/04/2021,"[ICX][Whitley][Cluster][SMC][Ultra][Sandstone - 1st_run] CATERR reported in node r01s01",https://hsdes.intel.com/appstore/article/#/22012280099
22011493992,Confirmed Silicon,p2-high,complete,complete,Eagle Stream SPR SP,Archer City,SPR,10/02/2020,"[Cluster][EGS SPR A2/B0][Sandstone Combo] Error found in ieh1.lerruncsts2 (PCIEGen4_RPA_DMI.PI5.0)",https://hsdes.intel.com/appstore/article/#/22011493992
14012462331,Confirmed Silicon,p2-high,complete,complete,Eagle Stream SPR SP,Archer City,SPR,09/10/2020,"[SPR][Cluster] CORE_WB_MISS_LLC while running Sandstone-46",https://hsdes.intel.com/appstore/article/#/14012462331
14012394711,Confirmed Silicon,p2-high,complete,complete,Eagle Stream SPR SP,Archer City,SPR,09/02/2020,"[Cluster][SPR XCC A1][pre-alpha] AVX512CD conflict_detection found during sandstone execution",https://hsdes.intel.com/appstore/article/#/14012394711
22011336113,Confirmed Silicon,p2-high,complete,complete,Whitley Platforms,Wilson City,ICX,08/26/2020,"[ICX][Whitley][Cluster][XCC D0] Not ok with sandstone spinlock_test0008 Core dumped Quit WW34 weekend execution",https://hsdes.intel.com/appstore/article/#/22011336113
14012180314,Confirmed Silicon,p2-high,complete,complete,Whitley Platforms,Wilson City,ICX,08/04/2020,"[ICX][Whitley][Cluster][XCC C0] Master for zstd_aaa and libmvec timed out during WW31 weekend execution while running virt mode",https://hsdes.intel.com/appstore/article/#/14012180314
1707238410,Confirmed Silicon,p2-high,complete,complete,Whitley Platforms,Wilson City,ICX,06/16/2020,"[ICX-C0-XCC][Cluster][QOT-CAS] Mixer run with imunch results in uncorrectable error with only Core-0 in Hung State",https://hsdes.intel.com/appstore/article/#/1707238410
22010707988,Confirmed Silicon,p2-high,complete,complete,Whitley Platforms,Wilson City,ICX,05/11/2020,"[ICX HCC][Whitley][Cluster][tsx] Multiple systems failing Sandstone Combo Tests - TSX tests as main failure signature",https://hsdes.intel.com/appstore/article/#/22010707988
14011439924,Confirmed Silicon,p2-high,complete,complete,Whitley Platforms,Wilson City,ICX,05/04/2020,"[ICX][Whitley][Cluster][memcpy] Multiple systems failing Sandstone Combo Tests - memcpy tests as main failure signature",https://hsdes.intel.com/appstore/article/#/14011439924
14011352071,Confirmed Silicon,p1-showstopper,complete,complete,Whitley Platforms,Wilson City,ICX,04/21/2020,"ICX segfault with sandstone content",https://hsdes.intel.com/appstore/article/#/14011352071
14011350553,Confirmed Silicon,p2-high,complete,complete,Whitley Platforms,Wilson City,ICX,04/20/2020,"[ICX][mulx64][Cluster] node r18s16 failed mulx64 sandstone",https://hsdes.intel.com/appstore/article/#/14011350553
22010039282,Confirmed Silicon,p2-high,complete,complete,Whitley Platforms,Wilson City,ICX,12/27/2019,"[ICX][Whitley][Cluster Power On][Sandstone] spinlock (all) tests failures",https://hsdes.intel.com/appstore/article/#/22010039282
