ewl_codes_database.json,Rajaram, Balaji,Repository-initialized EWL table,No authoritative source verified,UNKNOWN,Git history confirms initial repository commit 2026-08-24; no external authority verified,UNVERIFIED
Resource,Owner,Source,Reference,Version,Validation Method,Trust Level
bank_mapping.json,"Rajaram, Balaji","Repository-initialized generic bank map","No authoritative source verified",UNKNOWN,"Git history confirms initial repository commit 2026-08-24; no external authority verified",UNVERIFIED
dmr_punit_mca.json,"Rajaram, Balaji","Curated from bugninja MCA parser and DMR source data","DMR primecode_mca.xml / EDS-R source pending direct citation",UNKNOWN,"Git history commit ffef2403 on 2026-09-03; field decode smoke test; internal use only",INTERNAL_VALIDATED
ewl_codes_database.json,"Rajaram, Balaji","Repository-initialized EWL table","No authoritative source verified",UNKNOWN,"Git history confirms initial repository commit 2026-08-24; no external authority verified",UNVERIFIED
ipsd_codes_database.json,"Rajaram, Balaji","Repository-initialized IPSD table","No authoritative source verified",UNKNOWN,"Git history confirms initial repository commit 2026-08-24; no external authority verified",UNVERIFIED
mca_codes_database.json,"Rajaram, Balaji","Repository-initialized MCA table","No authoritative source verified",UNKNOWN,"Git history confirms initial repository commit 2026-08-24; no external authority verified",UNVERIFIED
mcheck_codes_database.json,"Rajaram, Balaji","Repository-initialized MCHECK table","No authoritative source verified",UNKNOWN,"Git history confirms initial repository commit 2026-08-24; no external authority verified",UNVERIFIED
post_codes_database.json,"Rajaram, Balaji","Repository-initialized POST table","No authoritative source verified",UNKNOWN,"Git history confirms initial repository commit 2026-08-24; no external authority verified",UNVERIFIED
rc_fatal_errors_database.json,"Rajaram, Balaji","Repository-initialized RC-Fatal table","No authoritative source verified",UNKNOWN,"Git history confirms initial repository commit 2026-08-24; no external authority verified",UNVERIFIED
debug_kb.json,"Rajaram, Balaji","Manually curated by Balaji Rajaram","Embedded BIOSBKM Debug CookBook and DebugEncyclopedia wiki references",UNKNOWN,"Git history commit df8936d on 2026-07-21; embedded Intel wiki links inspected; internal use only",INTERNAL_VALIDATED
